<?xml version="1.0" encoding="UTF-8"?>
<!DOCTYPE coverity SYSTEM "coverity_config.dtd">
<coverity>
<!-- THIS FILE IS AUTOMATICALLY GENERATED - YOU MAY ADD XML ENTITIES -->
<!-- TO UPDATE THE COMPILER CONFIGURATION AFTER THE begin_command_line_config ENTITY. -->

    <cit_version>1</cit_version>
    <config>
      <build>
        <compiler>
          <comp_name>javac</comp_name>
          <comp_dir>C:\Program Files\AdoptOpenJDK\jdk-11.0.8.10-hotspot\bin</comp_dir>
          <comp_translator>javac</comp_translator>
          <comp_lang>Java</comp_lang>
          <comp_front_end>cov-emit-java</comp_front_end>
          <comp_desc>Oracle Java compiler (javac)</comp_desc>
          <comp_generic>java</comp_generic>
          <id>javac-javac-11-178cbba08a3f60a5ab17ab5e88afc910-0</id>
          <version>11</version>
          <is_compiler>true</is_compiler>
          <is_linker>false</is_linker>
        </compiler>
        <options>
          <id>javac-javac-11-178cbba08a3f60a5ab17ab5e88afc910-0</id>
          <template_config_option_id>javac-javac-.*</template_config_option_id>
          <inject_capture>
            <options>
              <intern_trans>javac_capture_inject</intern_trans>
              <prepend_arg>-J-Dcoverity.emit=$COVERITY_EMIT$</prepend_arg>
              <prepend_arg>-J-Dcoverity.build_log=$COVERITY_OUTPUT$</prepend_arg>
              <prepend_arg>-J-Dcoverity.force.debug=true</prepend_arg>
              <prepend_arg>-J-Dcoverity.executable_name=$NATIVE_COMPILER$</prepend_arg>
            </options>
          </inject_capture>
          <expand>
            <options>
              <replace_arg_regex>
                <replace>@[a-zA-Z0-9]+@(.*)</replace>
                <with>--coverity_resp_file=$1</with>
              </replace_arg_regex>
              <replace_arg_regex>
                <replace>@+(.*)</replace>
                <with>--coverity_resp_file=$1</with>
              </replace_arg_regex>
              <intern_split_response_file_fn>passthrough</intern_split_response_file_fn>
            </options>
          </expand>
          <pre_trans>
            <options>
              <intern_trans>java_pre_translate</intern_trans>
            </options>
          </pre_trans>
          <begin_command_line_config></begin_command_line_config>
        </options>
      </build>
    </config>
    <md5>42876a789ce4ec43ae750bcad93b9b28</md5>
</coverity>

