<?xml version="1.0" encoding="UTF-8"?>
<!DOCTYPE coverity SYSTEM "config.dtd">
<coverity>

<metrics>
    <metric>
        <name>time</name>
        <value>78</value>
    </metric>
    <metric>
        <name>args</name>
        <value>C:\Program Files\Coverity\Coverity Static Analysis\bin\cov-build.exe --dir idir gradlew.bat build --no-daemon</value>
    </metric>
    <metric>
        <name>host</name>
        <value>DESKTOP-M7D6CBE</value>
    </metric>
    <metric>
        <name>short-platform</name>
        <value>win64</value>
    </metric>
    <metric>
        <name>platform</name>
        <value>Windows 10 Professional, 64-bit (build 18363)</value>
    </metric>
    <metric>
        <name>ident</name>
        <value>2020.06 (build 6fbf2d48ad p-trail-push-1389)</value>
    </metric>
    <metric>
        <name>user</name>
        <value>tsubasa</value>
    </metric>
    <metric>
        <name>cwd</name>
        <value>C:\Users\tsubasa\Downloads\tower-master</value>
    </metric>
    <metric>
        <name>config</name>
        <value>C:\Program Files\Coverity\Coverity Static Analysis\config\coverity_config.xml</value>
    </metric>
    <metric>
        <name>intermediatedir</name>
        <value>C:\Users\tsubasa\Downloads\tower-master\idir</value>
    </metric>
    <metric>
        <name>outputdir</name>
        <value>C:\Users\tsubasa\Downloads\tower-master\idir\output</value>
    </metric>
    <metric>
        <name>emitdir</name>
        <value>C:\Users\tsubasa\Downloads\tower-master\idir\emit</value>
    </metric>
    <metric>
        <name>force</name>
        <value>no</value>
    </metric>
    <metric>
        <name>cygwin</name>
        <value>no</value>
    </metric>
    <metric>
        <name>failures</name>
        <value>0</value>
    </metric>
    <metric>
        <name>successes</name>
        <value>0</value>
    </metric>
    <metric>
        <name>recoverable-errors</name>
        <value>0</value>
    </metric>
    <metric>
        <name>dotnet-webapps-detected</name>
        <value>0</value>
    </metric>
    <metric>
        <name>dotnet-webapp-successes</name>
        <value>0</value>
    </metric>
    <metric>
        <name>dotnet-webapp-compilation-secs</name>
        <value>0</value>
    </metric>
    <metric>
        <name>buildcmd</name>
        <value>gradlew.bat build --no-daemon</value>
    </metric>
</metrics>
</coverity>
