<?xml version="1.0" encoding="UTF-8"?>
<!DOCTYPE coverity SYSTEM "coverity_config.dtd">
<coverity>
<!-- THIS FILE IS AUTOMATICALLY GENERATED - YOU MAY ADD XML ENTITIES -->
<!-- TO UPDATE THE COMPILER CONFIGURATION AFTER THE begin_command_line_config CLOSING TAG. -->
    <cit_version>1</cit_version>
    <config>
      <build>
        <compiler>
          <template_compiler>true</template_compiler>
          <comp_name>cov-filesystem-capture-android</comp_name>
          <comp_translator>android</comp_translator>
          <comp_lang>Non Compiled</comp_lang>
          <comp_generic>java</comp_generic>
        </compiler>
        <options>
          <id>android-cov-filesystem-capture-android-.*</id>
          <begin_command_line_config></begin_command_line_config>
        </options>
      </build>
    </config>
    <md5>a681ed1586c2ef93984cd2a83198f0f5</md5>
</coverity>

