<?xml version="1.0" encoding="UTF-8"?>
<!DOCTYPE coverity SYSTEM "coverity_config.dtd">
<coverity>
<!-- THIS FILE IS AUTOMATICALLY GENERATED - YOU MAY ADD XML ENTITIES -->
<!-- TO UPDATE THE COMPILER CONFIGURATION AFTER THE begin_command_line_config CLOSING TAG. -->
    <cit_version>1</cit_version>
    <config>
      <build>
        <compiler>
          <template_compiler>true</template_compiler>
          <comp_name>cov-filesystem-capture-capture-config-files</comp_name>
          <comp_translator>capture-config-files</comp_translator>
          <comp_lang>Non Compiled</comp_lang>
          <comp_generic>capture_config_files</comp_generic>
        </compiler>
        <options>
          <id>capture-config-files-cov-filesystem-capture-capture-config-files-.*</id>
          <begin_command_line_config></begin_command_line_config>
        </options>
      </build>
    </config>
    <md5>9be34fee0715fab168c5ffa3a8c0872e</md5>
</coverity>

